<?xml version="1.0" encoding="UTF-8"?>
<wtxpdf:Document xmlns:wtxpdf="http://www.ibm.com/wtx/PDF" xmlns:xsi="http://www.w3.org/2001/XMLSchema-instance" xsi:schemaLocation="http://www.ibm.com/wtx/PDF f1040.xsd">
	<Properties>
		<PageCount>2</PageCount>
		<Subject>U.S. Individual Income Tax Return</Subject>
		<Producer>Adobe LiveCycle Designer ES 9.0</Producer>
		<Creator>Adobe LiveCycle Designer ES 9.0</Creator>
		<CreationDate></CreationDate>
		<Title>2014 Form 1040</Title>
	</Properties>
	<topmostSubform_0>
		<Page1_0>
			<HeaderPg1_0>
				<f1_01_0>2013</f1_01_0>
				<f1_02_0>2025</f1_02_0>
				<f1_03_0>34</f1_03_0>
			</HeaderPg1_0>
			<f1_04_0>John</f1_04_0>
			<f1_05_0>Doe</f1_05_0>
			<f1_06_0>123111132</f1_06_0>
			<f1_07_0>mary</f1_07_0>
			<f1_08_0>Doe</f1_08_0>
			<SpouseSSN_0>
				<f1_09_0>567890544</f1_09_0>
			</SpouseSSN_0>
			<Address_0>
				<f1-10_0>1234, IBM BLVD</f1-10_0>
				<f1-12_0>Cary, NC, 27519</f1-12_0>
			</Address_0>
			<c1_01_0>YES</c1_01_0>
			<Lines1-3_0>
				<c1_03_0>YES</c1_03_0>
			</Lines1-3_0>
			<Lines6a-d_0>
				<Lines6a-5BoxesChecked_0>
					<Lines6a-b_0>
						<c1_04_0>YES</c1_04_0>
						<c1_05_0>YES</c1_05_0>
					</Lines6a-b_0>
				</Lines6a-5BoxesChecked_0>
				<Line6cTable_0>
					<_subform_1></_subform_1>
					<_subform_2></_subform_2>
					<_subform_3></_subform_3>
					<_subform_4></_subform_4>
				</Line6cTable_0>
			</Lines6a-d_0>
			<f1_35_0>1000</f1_35_0>
			<f1_37_0>1</f1_37_0>
			<f1_41_0>12</f1_41_0>
			<f1_45_0>13</f1_45_0>
			<f1_47_0>14</f1_47_0>
			<f1_49_0>12323</f1_49_0>
			<f1-_51_0>1253</f1-_51_0>
			<f1_53_0>09988</f1_53_0>
			<f1_57_0>843</f1_57_0>
			<f1_61_0>3982</f1_61_0>
			<f1_63_0>9824</f1_63_0>
			<f1_65_0>2844</f1_65_0>
			<f1_67_0>29843</f1_67_0>
			<f1_71_0>243</f1_71_0>
			<f1_74_0>2934</f1_74_0>
			<f1_76_0>3244</f1_76_0>
			<f1_78_0>2</f1_78_0>
			<f1_80_0>3</f1_80_0>
			<f1_81_0>9999</f1_81_0>
			<f1_84_0>4</f1_84_0>
			<f1_86_0>4</f1_86_0>
			<f1_88_0>4</f1_88_0>
			<f1_90_0>74</f1_90_0>
			<f1_92_0>654</f1_92_0>
			<f1_97_0>64</f1_97_0>
			<f1_105_0>456743</f1_105_0>
			<f1_107_0>76555</f1_107_0>
		</Page1_0>
		<Page2_0>
			<f2_06_0>95</f2_06_0>
			<f2_08_0>5</f2_08_0>
			<f2_13_0>45</f2_13_0>
			<f2_17_0>45</f2_17_0>
			<f2_25_0>45</f2_25_0>
			<f2_29_0>45</f2_29_0>
			<f2_38_0>656</f2_38_0>
			<RoutingNoRules_0></RoutingNoRules_0>
			<Accountnumber_0></Accountnumber_0>
			<f2_94_0>\</f2_94_0>
		</Page2_0>
	</topmostSubform_0>
</wtxpdf:Document>